{"stat.useItem.20":11,"stat.walkOneCm":155891,"stat.useItem.278":23,"stat.useItem.116":1,"stat.mineBlock.58":1,"stat.useItem.72":5,"stat.jump":390,"stat.fallOneCm":11571,"stat.mineBlock.145":1,"achievement.exploreAllBiomes":{"value":0,"progress":["Plains"]},"achievement.openInventory":76,"stat.craftItem.280":4,"stat.damageTaken":9180,"stat.mineBlock.4":2,"stat.mineBlock.3":40,"stat.mineBlock.1":31,"stat.mobKills":4,"stat.useItem.46":4,"stat.useItem.47":20,"stat.mineBlock.20":3,"stat.useItem.54":1,"stat.flyOneCm":64458,"stat.useItem.12":2,"stat.useItem.145":3,"stat.drop":31,"stat.playOneMinute":43117,"stat.useItem.1":32,"stat.useItem.4":2,"stat.useItem.3":194,"stat.damageDealt":560,"stat.mineBlock.72":1,"stat.killEntity.Cow":4,"stat.useItem.58":1}