{"stat.useItem.20":29,"stat.walkOneCm":252099,"stat.useItem.278":40,"stat.useItem.116":1,"stat.killEntity.Slime":14,"stat.mineBlock.89":2,"stat.useItem.283":14,"stat.mineBlock.88":1,"stat.mineBlock.58":1,"stat.useItem.72":7,"stat.jump":540,"stat.fallOneCm":12320,"stat.mineBlock.145":1,"achievement.exploreAllBiomes":{"value":0,"progress":["Plains"]},"stat.useItem.88":1,"stat.useItem.89":2,"achievement.openInventory":105,"stat.craftItem.280":4,"stat.damageTaken":9180,"stat.mineBlock.4":2,"stat.killEntity.Spider":1,"stat.mineBlock.3":43,"stat.mineBlock.1":31,"stat.mobKills":20,"stat.useItem.46":6,"stat.useItem.47":20,"stat.mineBlock.20":4,"stat.useItem.54":2,"stat.flyOneCm":108269,"stat.useItem.12":2,"stat.useItem.145":3,"stat.drop":37,"stat.playOneMinute":64035,"stat.useItem.1":32,"stat.useItem.4":2,"stat.useItem.3":404,"stat.damageDealt":1930,"stat.killEntity.Zombie":1,"stat.mineBlock.72":1,"stat.killEntity.Cow":4,"stat.useItem.58":1}