{"stat.useItem.20":25,"stat.walkOneCm":390540,"stat.useItem.278":20,"stat.useItem.277":189,"stat.killEntity.Slime":4,"stat.mineBlock.87":11,"stat.mineBlock.88":129,"stat.useItem.284":33,"stat.jump":1259,"stat.breakItem.284":1,"stat.fallOneCm":1477,"achievement.exploreAllBiomes":{"value":0,"progress":["Plains","Hell"]},"stat.useItem.174":31,"stat.useItem.88":66,"stat.useItem.89":6,"achievement.openInventory":97,"stat.damageTaken":4238,"stat.mineBlock.3":93,"stat.mineBlock.153":3,"stat.mobKills":4,"stat.useItem.49":7,"stat.flyOneCm":217593,"stat.deaths":2,"stat.useItem.7":2,"stat.useItem.96":33,"stat.playOneMinute":47401,"stat.useItem.90":7,"stat.useItem.3":82,"stat.damageDealt":390}