{"stat.killEntity.EntityHorse":1,"stat.useItem.116":1,"stat.killEntity.Slime":46,"stat.mineBlock.89":5,"stat.mineBlock.88":1,"stat.useItem.72":7,"stat.jump":1782,"stat.fallOneCm":28568,"stat.useItem.70":4,"stat.mineBlock.145":1,"achievement.exploreAllBiomes":{"value":0,"progress":["Plains"]},"stat.useItem.331":9,"stat.craftItem.89":1,"stat.damageTaken":167665,"stat.mineBlock.4":2,"stat.mineBlock.3":53,"stat.mineBlock.1":31,"stat.useItem.46":11,"stat.useItem.47":20,"stat.useItem.54":2,"stat.flyOneCm":661452,"stat.killEntity.Witch":1,"stat.entityKilledBy.Zombie":4,"stat.damageDealt":10198,"stat.mineBlock.72":1,"stat.killEntity.Cow":6,"stat.killEntity.Pig":3,"stat.useItem.58":1,"stat.useItem.20":78,"stat.walkOneCm":949962,"stat.useItem.278":104,"stat.killEntity.Creeper":11,"stat.useItem.283":14,"stat.mineBlock.58":1,"stat.useItem.88":1,"stat.killEntity.Skeleton":10,"stat.useItem.89":5,"achievement.openInventory":298,"stat.killEntity.Chicken":1,"stat.craftItem.280":4,"stat.killEntity.Spider":5,"stat.mobKills":105,"stat.mineBlock.20":12,"stat.entityKilledBy.Creeper":1,"stat.useItem.12":2,"stat.deaths":21,"stat.useItem.145":3,"stat.drop":99,"stat.playOneMinute":183091,"stat.useItem.1":32,"stat.killEntity.Sheep":3,"stat.useItem.4":2,"stat.entityKilledBy.Slime":2,"stat.useItem.3":898,"stat.killEntity.Zombie":11}