{"stat.mineBlock.46":61,"stat.walkOneCm":305362,"stat.killEntity.EntityHorse":7,"stat.killEntity.Slime":3,"stat.killEntity.Creeper":2,"stat.jump":483,"stat.fallOneCm":12565,"stat.entityKilledBy.Skeleton":1,"achievement.exploreAllBiomes":{"value":0,"progress":["Plains"]},"stat.killEntity.Skeleton":8,"achievement.openInventory":344,"stat.killEntity.Chicken":3,"stat.damageTaken":29793,"stat.killEntity.Spider":6,"stat.mobKills":91,"stat.useItem.46":61,"stat.flyOneCm":158728,"stat.deaths":3,"stat.drop":31,"stat.playOneMinute":78166,"stat.killEntity.Witch":2,"stat.entityKilledBy.Zombie":2,"stat.killEntity.Sheep":14,"stat.useItem.3":422,"stat.damageDealt":6205,"stat.killEntity.Zombie":30,"stat.killEntity.Cow":10,"stat.killEntity.Pig":3}