{"stat.useItem.20":1,"stat.mineBlock.69":1,"stat.useItem.54":1,"stat.flyOneCm":61964,"stat.deaths":1,"stat.walkOneCm":71730,"stat.drop":28,"stat.jump":117,"stat.playOneMinute":11862,"stat.fallOneCm":1991,"achievement.openInventory":41,"stat.killEntity.Sheep":1,"stat.entityKilledBy.Skeleton":1,"stat.useItem.3":1,"stat.damageTaken":3730,"stat.killEntity.Spider":1,"stat.damageDealt":321,"stat.killEntity.Zombie":1,"stat.mobKills":3,"achievement.exploreAllBiomes":{"value":0,"progress":["Plains"]},"stat.useItem.46":1,"stat.mineBlock.20":1,"stat.useItem.69":1}